1500.7930;0.1953;0.0708;0.0928;2.1053;0.7632
1510.2510;0.1978;0.0659;0.0903;2.1892;0.7297
1519.4333;0.2026;0.0708;0.0928;2.1842;0.7632
1528.3530;0.2026;0.0708;0.0928;2.1842;0.7632
1537.0231;0.2051;0.0732;0.0977;2.1000;0.7500
1545.4563;0.2051;0.0757;0.0977;2.1000;0.7750
1553.6649;0.2148;0.0830;0.1050;2.0465;0.7907
1561.6611;0.2148;0.0806;0.1001;2.1463;0.8049
1569.4566;0.2197;0.0806;0.1074;2.0455;0.7500
1577.0630;0.2197;0.0781;0.1074;2.0455;0.7273
1584.4915;0.2319;0.0855;0.1099;2.1111;0.7778
1591.7532;0.2344;0.0806;0.1148;2.0426;0.7021
1598.8588;0.2441;0.0903;0.1172;2.0833;0.7708
1605.8187;0.2417;0.0903;0.1172;2.0625;0.7708
1612.6433;0.2515;0.0977;0.1245;2.0196;0.7843
1619.3426;0.2539;0.0952;0.1245;2.0392;0.7647
1625.9262;0.2661;0.1001;0.1318;2.0185;0.7593
1632.4036;0.2661;0.0977;0.1343;1.9818;0.7273
1638.7842;0.2734;0.1050;0.1343;2.0364;0.7818
1645.0770;0.2759;0.1050;0.1416;1.9483;0.7414
1651.2908;0.2832;0.1148;0.1514;1.8710;0.7581
1657.4341;0.2856;0.1123;0.1514;1.8871;0.7419
1663.5153;0.2954;0.1172;0.1538;1.9206;0.7619
1669.5426;0.3003;0.1148;0.1538;1.9524;0.7460
1675.5239;0.3076;0.1245;0.1587;1.9385;0.7846
1681.4668;0.3125;0.1245;0.1636;1.9105;0.7612
1687.3789;0.3174;0.1294;0.1685;1.8841;0.7681
1693.2675;0.3247;0.1294;0.1733;1.8732;0.7465
1699.1397;0.3296;0.1343;0.1782;1.8493;0.7534
1705.0023;0.3394;0.1343;0.1807;1.8784;0.7432
1710.8621;0.3442;0.1465;0.1856;1.8553;0.7895
1716.7256;0.3491;0.1465;0.1929;1.8101;0.7595
1722.5990;0.3540;0.1514;0.1929;1.8354;0.7848
1728.4886;0.3613;0.1489;0.2002;1.8049;0.7439
1734.4002;0.3711;0.1563;0.2026;1.8313;0.7711
1740.3396;0.3735;0.1563;0.2148;1.7386;0.7273
1746.3125;0.3809;0.1636;0.2148;1.7727;0.7614
1752.3242;0.3857;0.1685;0.2197;1.7556;0.7667
1758.3799;0.3906;0.1685;0.2271;1.7204;0.7419
1764.4849;0.3980;0.1733;0.2344;1.6979;0.7396
1770.6439;0.4053;0.1782;0.2368;1.7113;0.7526
1776.8618;0.4175;0.1758;0.2441;1.7100;0.7200
1783.1430;0.4175;0.1856;0.2466;1.6931;0.7525
1789.4922;0.4273;0.1880;0.2539;1.6827;0.7404
1795.9135;0.4370;0.1929;0.2564;1.7048;0.7524
1802.4110;0.4443;0.1953;0.2686;1.6546;0.7273
1808.9888;0.4517;0.2026;0.2686;1.6818;0.7546
1815.6508;0.4565;0.2026;0.2783;1.6404;0.7281
1822.4005;0.4663;0.2124;0.2808;1.6609;0.7565
1829.2416;0.4761;0.2148;0.2856;1.6667;0.7521
1836.1774;0.4785;0.2197;0.2930;1.6333;0.7500
1843.2113;0.4858;0.2246;0.2979;1.6312;0.7541
1850.3464;0.4956;0.2344;0.3101;1.5984;0.7559
1857.5857;0.5005;0.2368;0.3149;1.5892;0.7519
1864.9322;0.5127;0.2417;0.3198;1.6031;0.7557
1872.3885;0.5249;0.2466;0.3272;1.6045;0.7537
1879.9574;0.5298;0.2564;0.3345;1.5839;0.7664
1887.6413;0.5396;0.2588;0.3467;1.5563;0.7465
1895.4427;0.5469;0.2661;0.3516;1.5556;0.7569
1903.3638;0.5518;0.2710;0.3613;1.5270;0.7500
1911.4069;0.5664;0.2710;0.3662;1.5467;0.7400
1919.5741;0.5713;0.2808;0.3784;1.5097;0.7419
1927.8671;0.5786;0.2856;0.3833;1.5096;0.7452
1936.2880;0.5908;0.2905;0.3931;1.5031;0.7391
1944.8385;0.6006;0.3003;0.4053;1.4819;0.7410
1953.5202;0.6152;0.3101;0.4175;1.4737;0.7427
1962.3346;0.6201;0.3125;0.4248;1.4598;0.7356
1971.2833;0.6323;0.3149;0.4346;1.4551;0.7247
1980.3675;0.6470;0.3272;0.4443;1.4560;0.7363
1989.5885;0.6567;0.3345;0.4565;1.4385;0.7326
1998.9475;0.6641;0.3442;0.4614;1.4392;0.7460
2008.4456;0.6836;0.3516;0.4810;1.4213;0.7310
2018.0837;0.6909;0.3589;0.4858;1.4221;0.7387
2027.8628;0.7056;0.3662;0.5029;1.4029;0.7282
2037.7837;0.7153;0.3760;0.5151;1.3886;0.7299
2047.8470;0.7324;0.3784;0.5298;1.3825;0.7143
2058.0535;0.7373;0.3955;0.5371;1.3727;0.7364
2068.4038;0.7568;0.4028;0.5518;1.3717;0.7301
2078.8983;0.7715;0.4150;0.5664;1.3621;0.7328
2089.5374;0.7861;0.4248;0.5835;1.3473;0.7280
2100.3216;0.7959;0.4346;0.5981;1.3306;0.7265
2111.2511;0.8179;0.4443;0.6177;1.3241;0.7194
2122.3260;0.8252;0.4541;0.6250;1.3203;0.7266
2133.5467;0.8447;0.4639;0.6445;1.3106;0.7197
2144.9130;0.8594;0.4736;0.6543;1.3134;0.7239
2156.4251;0.8789;0.4834;0.6763;1.2996;0.7148
2168.0829;0.8887;0.4956;0.6860;1.2954;0.7224
2179.8863;0.9082;0.5078;0.7105;1.2784;0.7148
2191.8351;0.9229;0.5200;0.7227;1.2770;0.7196
2203.9291;0.9399;0.5322;0.7422;1.2665;0.7171
2216.1679;0.9546;0.5420;0.7568;1.2613;0.7161
2228.5513;0.9717;0.5518;0.7715;1.2595;0.7152
2241.0789;0.9863;0.5640;0.7910;1.2469;0.7130
2253.7502;1.0059;0.5713;0.8130;1.2372;0.7027
2266.5646;1.0181;0.5859;0.8252;1.2337;0.7101
2279.5218;1.0376;0.5981;0.8447;1.2283;0.7081
2292.6210;1.0498;0.6079;0.8521;1.2321;0.7135
2305.8616;1.0693;0.6177;0.8740;1.2235;0.7067
2319.2429;1.0791;0.6323;0.8838;1.2210;0.7155
2332.7643;1.0986;0.6397;0.9009;1.2195;0.7100
2346.4248;1.1011;0.6519;0.9082;1.2124;0.7177
2360.2238;1.1182;0.6641;0.9326;1.1990;0.7120
2374.1603;1.1255;0.6714;0.9424;1.1943;0.7124
2388.2335;1.1377;0.6836;0.9570;1.1888;0.7143
2402.4424;1.1450;0.6934;0.9692;1.1814;0.7154
2416.7861;1.1646;0.7080;0.9815;1.1866;0.7214
2431.2635;1.1743;0.7056;0.9937;1.1818;0.7101
2445.8736;1.1841;0.7178;1.0083;1.1743;0.7119
2460.6154;1.1914;0.7251;1.0230;1.1647;0.7088
2475.4877;1.2012;0.7349;1.0376;1.1577;0.7082
2490.4894;1.2134;0.7422;1.0474;1.1585;0.7086
2505.6194;1.2183;0.7495;1.0669;1.1419;0.7025
2520.8764;1.2231;0.7544;1.0791;1.1335;0.6991
2536.2592;1.2402;0.7617;1.0889;1.1390;0.6996
2551.7667;1.2476;0.7666;1.1084;1.1256;0.6916
2567.3974;1.2573;0.7764;1.1133;1.1294;0.6974
2583.1503;1.2647;0.7788;1.1255;1.1236;0.6920
2599.0238;1.2695;0.7886;1.1377;1.1159;0.6931
2615.0167;1.2769;0.7959;1.1499;1.1104;0.6921
2631.1276;1.2793;0.8032;1.1597;1.1032;0.6926
2647.3552;1.2842;0.8032;1.1719;1.0958;0.6854
2663.6980;1.2891;0.8106;1.1768;1.0954;0.6888
2680.1546;1.2915;0.8057;1.1792;1.0952;0.6832
2696.7237;1.2940;0.8154;1.1890;1.0883;0.6858
2713.4036;1.2964;0.8154;1.1939;1.0859;0.6830
2730.1931;1.2964;0.8179;1.1987;1.0815;0.6823
2747.0905;1.2988;0.8203;1.2085;1.0748;0.6788
2764.0945;1.3062;0.8325;1.2109;1.0786;0.6875
2781.2034;1.3037;0.8276;1.2231;1.0659;0.6767
2798.4158;1.3062;0.8325;1.2256;1.0657;0.6793
2815.7302;1.3086;0.8325;1.2280;1.0656;0.6779
2833.1449;1.3086;0.8398;1.2402;1.0551;0.6772
2850.6585;1.3159;0.8398;1.2451;1.0569;0.6745
2868.2694;1.3086;0.8447;1.2549;1.0428;0.6732
2885.9760;1.3135;0.8423;1.2622;1.0406;0.6673
2903.7767;1.3135;0.8521;1.2671;1.0366;0.6725
2921.6700;1.3281;0.8496;1.2769;1.0402;0.6654
2939.6543;1.3281;0.8594;1.2891;1.0303;0.6667
2957.7279;1.3379;0.8618;1.3013;1.0281;0.6623
2975.8892;1.3452;0.8691;1.3110;1.0261;0.6629
2994.1368;1.3501;0.8740;1.3257;1.0184;0.6593
3012.4688;1.3574;0.8862;1.3403;1.0128;0.6612
3030.8839;1.3672;0.8789;1.3574;1.0072;0.6475
3049.3802;1.3770;0.8936;1.3672;1.0071;0.6536
3067.9562;1.3867;0.9009;1.3892;0.9982;0.6485
3086.6103;1.3916;0.9106;1.3989;0.9948;0.6510
3105.3409;1.4087;0.9155;1.4185;0.9931;0.6454
3124.1463;1.4209;0.9302;1.4356;0.9898;0.6480
3143.0250;1.4356;0.9399;1.4575;0.9849;0.6449
3161.9752;1.4478;0.9570;1.4746;0.9818;0.6490
3180.9955;1.4600;0.9570;1.4966;0.9755;0.6395
3200.0841;1.4795;0.9741;1.5064;0.9822;0.6467
3219.2395;1.4868;0.9766;1.5356;0.9682;0.6359
3238.4600;1.5088;0.9937;1.5503;0.9732;0.6409
3257.7441;1.5283;1.0034;1.5772;0.9690;0.6362
3277.0902;1.5356;1.0205;1.5796;0.9722;0.6461
3296.4966;1.5625;1.0254;1.6113;0.9697;0.6364
3315.9617;1.5747;1.0449;1.6284;0.9670;0.6417
3335.4841;1.5967;1.0498;1.6528;0.9660;0.6352
3355.0620;1.6113;1.0791;1.6675;0.9663;0.6471
3374.6940;1.6309;1.0767;1.6943;0.9625;0.6355
3394.3784;1.6480;1.0986;1.7139;0.9615;0.6410
3414.1137;1.6699;1.0986;1.7456;0.9566;0.6294
3433.8983;1.6846;1.1231;1.7603;0.9570;0.6380
3453.7307;1.7065;1.1255;1.7920;0.9523;0.6281
3473.6094;1.7212;1.1523;1.8066;0.9527;0.6378
3493.5328;1.7456;1.1621;1.8311;0.9533;0.6347
3513.4994;1.7603;1.1816;1.8481;0.9524;0.6394
3533.5077;1.7798;1.1816;1.8750;0.9492;0.6302
3553.5562;1.8066;1.2012;1.8945;0.9536;0.6340
3573.6433;1.8237;1.2085;1.9190;0.9504;0.6298
3593.7677;1.8359;1.2256;1.9409;0.9459;0.6315
3613.9278;1.8506;1.2280;1.9580;0.9451;0.6272
3634.1222;1.8701;1.2549;1.9751;0.9469;0.6354
3654.3494;1.8921;1.2598;1.9995;0.9463;0.6300
3674.6080;1.9043;1.2769;2.0166;0.9443;0.6332
3694.8966;1.9238;1.2769;2.0313;0.9471;0.6286
3715.2137;1.9287;1.2940;2.0483;0.9416;0.6317
3735.5579;1.9482;1.2964;2.0630;0.9444;0.6284
3755.9278;1.9531;1.3086;2.0801;0.9390;0.6291
3776.3222;1.9629;1.3110;2.0898;0.9393;0.6273
3796.7395;1.9702;1.3135;2.0996;0.9384;0.6256
3817.1784;1.9824;1.3159;2.1143;0.9376;0.6224
3837.6377;1.9873;1.3281;2.1240;0.9356;0.6253
3858.1159;1.9873;1.3257;2.1314;0.9324;0.6220
3878.6117;1.9922;1.3330;2.1314;0.9347;0.6254
3899.1239;1.9922;1.3257;2.1387;0.9315;0.6199
3919.6512;1.9922;1.3281;2.1411;0.9304;0.6203
3940.1922;1.9898;1.3257;2.1387;0.9304;0.6199
3960.7458;1.9849;1.3281;2.1411;0.9270;0.6203
3981.3106;1.9849;1.3208;2.1436;0.9260;0.6162
4001.8855;1.9775;1.3232;2.1362;0.9257;0.6194
4022.4692;1.9702;1.3086;2.1411;0.9202;0.6112
4043.0606;1.9629;1.3135;2.1314;0.9210;0.6163
4063.6584;1.9556;1.3062;2.1289;0.9186;0.6135
4084.2614;1.9458;1.2964;2.1240;0.9161;0.6103
4104.8685;1.9385;1.2964;2.1167;0.9158;0.6125
4125.4786;1.9214;1.2940;2.1118;0.9098;0.6127
4146.0906;1.9165;1.2793;2.0972;0.9139;0.6100
4166.7032;1.9067;1.2793;2.0898;0.9124;0.6122
4187.3155;1.8921;1.2671;2.0728;0.9128;0.6113
4207.9263;1.8750;1.2598;2.0581;0.9110;0.6121
4228.5346;1.8604;1.2451;2.0483;0.9082;0.6079
4249.1393;1.8481;1.2402;2.0361;0.9077;0.6091
4269.7394;1.8335;1.2207;2.0215;0.9070;0.6039
4290.3338;1.8189;1.2109;2.0044;0.9074;0.6041
4310.9216;1.8018;1.2061;1.9898;0.9055;0.6061
4331.5018;1.7773;1.1987;1.9702;0.9021;0.6084
4352.0734;1.7627;1.1841;1.9531;0.9025;0.6063
4372.6354;1.7481;1.1768;1.9360;0.9029;0.6078
4393.1869;1.7285;1.1548;1.9214;0.8996;0.6010
4413.7270;1.7065;1.1401;1.8994;0.8985;0.6003
4434.2547;1.6846;1.1255;1.8799;0.8961;0.5987
4454.7693;1.6577;1.1182;1.8579;0.8923;0.6018
4475.2697;1.6455;1.1011;1.8384;0.8951;0.5989
4495.7551;1.6211;1.0913;1.8213;0.8901;0.5992
4516.2247;1.6016;1.0742;1.7993;0.8901;0.5970
4536.6777;1.5698;1.0645;1.7798;0.8820;0.5981
4557.1132;1.5601;1.0449;1.7603;0.8863;0.5936
4577.5305;1.5356;1.0376;1.7432;0.8810;0.5952
4597.9287;1.5186;1.0205;1.7310;0.8773;0.5896
4618.3071;1.4941;1.0181;1.7163;0.8706;0.5932
4638.6650;1.4819;1.0059;1.7017;0.8709;0.5911
4659.0015;1.4624;1.0010;1.6919;0.8644;0.5916
4679.3160;1.4502;0.9888;1.6797;0.8634;0.5887
4699.6079;1.4307;0.9839;1.6724;0.8555;0.5883
4719.8763;1.4160;0.9717;1.6553;0.8555;0.5870
4740.1206;1.3989;0.9717;1.6504;0.8476;0.5888
4760.3402;1.3916;0.9570;1.6357;0.8508;0.5851
4780.5344;1.3745;0.9570;1.6309;0.8428;0.5868
4800.7026;1.3696;0.9473;1.6211;0.8449;0.5843
4820.8442;1.3550;0.9448;1.6162;0.8384;0.5846
4840.9586;1.3452;0.9351;1.6040;0.8387;0.5830
4861.0452;1.3257;0.9302;1.5967;0.8303;0.5826
4881.1035;1.3257;0.9253;1.5869;0.8354;0.5831
4901.1328;1.3062;0.9180;1.5820;0.8256;0.5803
4921.1327;1.2964;0.9155;1.5698;0.8258;0.5832
4941.1026;1.2817;0.9082;1.5674;0.8178;0.5794
4961.0421;1.2744;0.9009;1.5552;0.8195;0.5793
4980.9506;1.2622;0.8984;1.5503;0.8142;0.5795
5000.8277;1.2524;0.8887;1.5430;0.8117;0.5760
5020.6729;1.2427;0.8862;1.5356;0.8092;0.5771
5040.4858;1.2280;0.8862;1.5259;0.8048;0.5808
5060.2659;1.2183;0.8765;1.5186;0.8023;0.5772
5080.0128;1.2134;0.8740;1.5088;0.8042;0.5793
5099.7261;1.1963;0.8643;1.5064;0.7942;0.5737
5119.4054;1.1987;0.8569;1.4917;0.8036;0.5745
5139.0504;1.1865;0.8545;1.4868;0.7980;0.5747
5158.6606;1.1792;0.8521;1.4648;0.8050;0.5817
5178.2358;1.1694;0.8447;1.4624;0.7997;0.5776
5197.7756;1.1621;0.8423;1.4575;0.7973;0.5779
5217.2796;1.1450;0.8398;1.4502;0.7896;0.5791
5236.7477;1.1401;0.8350;1.4404;0.7915;0.5797
5256.1794;1.1328;0.8325;1.4307;0.7918;0.5819
5275.5745;1.1279;0.8252;1.4209;0.7938;0.5808
5294.9327;1.1182;0.8228;1.4209;0.7869;0.5790
5314.2538;1.1133;0.8154;1.4087;0.7903;0.5789
5333.5376;1.1011;0.8106;1.4038;0.7844;0.5774
5352.7837;1.0938;0.8057;1.3892;0.7874;0.5800
5371.9920;1.0815;0.7983;1.3794;0.7841;0.5788
5391.1624;1.0742;0.7910;1.3599;0.7900;0.5817
5410.2945;1.0620;0.7861;1.3525;0.7852;0.5812
5429.3882;1.0474;0.7739;1.3355;0.7843;0.5795
5448.4434;1.0327;0.7642;1.3281;0.7776;0.5754
5467.4598;1.0181;0.7544;1.3013;0.7824;0.5797
5486.4374;1.0083;0.7422;1.2866;0.7837;0.5769
5505.3760;0.9888;0.7324;1.2695;0.7789;0.5769
5524.2755;0.9717;0.7251;1.2549;0.7743;0.5778
5543.1358;0.9522;0.7129;1.2305;0.7738;0.5794
5561.9567;0.9375;0.7031;1.2134;0.7726;0.5795
5580.7383;0.9180;0.6860;1.1963;0.7674;0.5735
5599.4804;0.9058;0.6763;1.1792;0.7681;0.5735
5618.1829;0.8887;0.6665;1.1572;0.7679;0.5760
5636.8458;0.8667;0.6543;1.1353;0.7634;0.5763
5655.4691;0.8447;0.6397;1.1133;0.7588;0.5746
5674.0527;0.8325;0.6323;1.0986;0.7578;0.5756
5692.5966;0.8130;0.6201;1.0742;0.7568;0.5773
5711.1008;0.7983;0.6079;1.0523;0.7587;0.5777
5729.5653;0.7739;0.5933;1.0327;0.7494;0.5745
5747.9900;0.7568;0.5786;1.0156;0.7452;0.5697
5766.3751;0.7398;0.5713;0.9937;0.7445;0.5749
5784.7204;0.7251;0.5566;0.9717;0.7462;0.5729
5803.0262;0.7080;0.5444;0.9473;0.7474;0.5747
5821.2923;0.6909;0.5347;0.9302;0.7428;0.5748
5839.5189;0.6690;0.5200;0.9058;0.7385;0.5741
5857.7060;0.6519;0.5078;0.8862;0.7355;0.5730
5875.8537;0.6372;0.4956;0.8643;0.7373;0.5735
5893.9620;0.6226;0.4834;0.8472;0.7349;0.5706
5912.0311;0.6055;0.4688;0.8228;0.7359;0.5697
5930.0611;0.5884;0.4590;0.8057;0.7303;0.5697
5948.0520;0.5713;0.4468;0.7837;0.7290;0.5701
5966.0039;0.5542;0.4370;0.7642;0.7252;0.5719
5983.9170;0.5371;0.4273;0.7471;0.7190;0.5719
6001.7915;0.5249;0.4199;0.7275;0.7215;0.5772
6019.6273;0.5005;0.4028;0.7080;0.7069;0.5690
6037.4248;0.4932;0.3931;0.6909;0.7138;0.5689
6055.1840;0.4736;0.3809;0.6738;0.7029;0.5652
6072.9050;0.4614;0.3735;0.6567;0.7026;0.5688
6090.5881;0.4517;0.3613;0.6372;0.7088;0.5671
6108.2334;0.4395;0.3540;0.6274;0.7004;0.5642
6125.8411;0.4224;0.3418;0.6055;0.6976;0.5645
6143.4114;0.4102;0.3345;0.5859;0.7000;0.5708
6160.9444;0.3955;0.3198;0.5737;0.6894;0.5575
6178.4404;0.3906;0.3149;0.5591;0.6987;0.5633
6195.8996;0.3760;0.3076;0.5444;0.6906;0.5650
6213.3221;0.3662;0.2979;0.5347;0.6849;0.5571
6230.7081;0.3516;0.2905;0.5176;0.6793;0.5613
6248.0580;0.3467;0.2832;0.5078;0.6827;0.5577
6265.3719;0.3345;0.2783;0.4932;0.6782;0.5644
6282.6500;0.3272;0.2686;0.4810;0.6802;0.5584
6299.8925;0.3149;0.2612;0.4712;0.6684;0.5544
6317.0998;0.3076;0.2588;0.4639;0.6632;0.5579
6334.2720;0.2954;0.2490;0.4492;0.6576;0.5544
6351.4095;0.2930;0.2466;0.4395;0.6667;0.5611
6368.5124;0.2783;0.2393;0.4321;0.6441;0.5537
6385.5809;0.2783;0.2368;0.4248;0.6552;0.5575
6402.6155;0.2661;0.2319;0.4150;0.6412;0.5588
6419.6163;0.2637;0.2246;0.4077;0.6467;0.5509
6436.5835;0.2539;0.2148;0.3955;0.6420;0.5432
6453.5176;0.2539;0.2173;0.3931;0.6460;0.5528
6470.4187;0.2417;0.2100;0.3857;0.6266;0.5443
6487.2871;0.2393;0.2100;0.3857;0.6203;0.5443
6504.1231;0.2344;0.2051;0.3760;0.6234;0.5455
6520.9271;0.2319;0.2002;0.3711;0.6250;0.5395
6537.6992;0.2222;0.2002;0.3662;0.6067;0.5467
6554.4397;0.2222;0.2002;0.3613;0.6149;0.5541
6571.1491;0.2124;0.1929;0.3565;0.5959;0.5411
6587.8275;0.2124;0.1929;0.3516;0.6042;0.5486
6604.4752;0.2051;0.1904;0.3467;0.5916;0.5493
6621.0927;0.2051;0.1880;0.3418;0.6000;0.5500
6637.6801;0.1978;0.1807;0.3369;0.5870;0.5362
6654.2378;0.1978;0.1831;0.3369;0.5870;0.5435
6670.7660;0.1929;0.1782;0.3296;0.5852;0.5407
6687.2652;0.1953;0.1758;0.3272;0.5970;0.5373
6703.7356;0.1831;0.1733;0.3247;0.5639;0.5338
6720.1775;0.1856;0.1733;0.3247;0.5714;0.5338
6736.5912;0.1758;0.1685;0.3149;0.5581;0.5349
6752.9771;0.1782;0.1685;0.3076;0.5794;0.5476
6769.3355;0.1733;0.1611;0.3052;0.5680;0.5280
6785.6667;0.1733;0.1636;0.3027;0.5726;0.5403
6801.9709;0.1660;0.1587;0.2979;0.5574;0.5328
6818.2487;0.1660;0.1563;0.2954;0.5620;0.5289
6834.5001;0.1611;0.1489;0.2954;0.5455;0.5041
6850.7257;0.1660;0.1538;0.2954;0.5620;0.5207
6866.9257;0.1563;0.1538;0.2856;0.5470;0.5385
6883.1004;0.1587;0.1514;0.2808;0.5652;0.5391
6899.2501;0.1514;0.1514;0.2759;0.5487;0.5487
6915.3752;0.1514;0.1465;0.2808;0.5391;0.5217
6931.4761;0.1465;0.1440;0.2759;0.5310;0.5221
6947.5529;0.1465;0.1440;0.2759;0.5310;0.5221
6963.6062;0.1440;0.1440;0.2710;0.5315;0.5315
6979.6360;0.1465;0.1489;0.2710;0.5405;0.5496
6995.6429;0.1392;0.1416;0.2661;0.5229;0.5321
7011.6272;0.1392;0.1416;0.2661;0.5229;0.5321
7027.5891;0.1343;0.1416;0.2661;0.5046;0.5321
7043.5289;0.1392;0.1440;0.2637;0.5278;0.5463
7059.4471;0.1294;0.1392;0.2612;0.4953;0.5327
7075.3438;0.1318;0.1416;0.2588;0.5094;0.5472
7091.2195;0.1221;0.1343;0.2588;0.4717;0.5189
7107.0745;0.1294;0.1392;0.2588;0.5000;0.5377
7122.9091;0.1245;0.1318;0.2588;0.4811;0.5094
7138.7235;0.1270;0.1318;0.2612;0.4860;0.5047
7154.5182;0.1196;0.1294;0.2564;0.4667;0.5048
7170.2934;0.1196;0.1318;0.2564;0.4667;0.5143
7186.0494;0.1172;0.1294;0.2564;0.4571;0.5048
7201.7866;0.1196;0.1270;0.2564;0.4667;0.4952
7217.5053;0.1123;0.1318;0.2539;0.4423;0.5192
7233.2057;0.1172;0.1318;0.2539;0.4615;0.5192
7248.8883;0.1123;0.1294;0.2564;0.4381;0.5048
7264.5532;0.1123;0.1318;0.2588;0.4340;0.5094
7280.2008;0.1074;0.1270;0.2612;0.4112;0.4860
7295.8314;0.1148;0.1294;0.2612;0.4393;0.4953
7311.4453;0.1123;0.1294;0.2661;0.4220;0.4862
7327.0428;0.1148;0.1343;0.2637;0.4352;0.5093
7342.6242;0.1099;0.1318;0.2661;0.4128;0.4954
7358.1898;0.1148;0.1343;0.2686;0.4273;0.5000
7373.7399;0.1148;0.1343;0.2686;0.4273;0.5000
7389.2747;0.1148;0.1416;0.2710;0.4234;0.5225
7404.7946;0.1123;0.1343;0.2759;0.4071;0.4867
7420.2998;0.1148;0.1392;0.2759;0.4159;0.5044
7435.7907;0.1074;0.1392;0.2783;0.3860;0.5000
7451.2674;0.1148;0.1416;0.2783;0.4123;0.5088
7466.7304;0.1123;0.1416;0.2832;0.3966;0.5000
7482.1797;0.1148;0.1416;0.2832;0.4052;0.5000
7497.6158;0.1123;0.1465;0.2881;0.3898;0.5085
7513.0389;0.1148;0.1465;0.2832;0.4052;0.5172
7528.4493;0.1099;0.1440;0.2930;0.3750;0.4917
7543.8471;0.1172;0.1489;0.2905;0.4034;0.5126
7559.2328;0.1148;0.1489;0.2954;0.3884;0.5041
7574.6064;0.1172;0.1489;0.2930;0.4000;0.5083
7589.9684;0.1148;0.1489;0.2954;0.3884;0.5041
7605.3189;0.1196;0.1538;0.2954;0.4050;0.5207
7620.6582;0.1148;0.1538;0.3052;0.3760;0.5040
7635.9865;0.1148;0.1538;0.3027;0.3790;0.5081
7651.3041;0.1099;0.1514;0.3027;0.3629;0.5000
7666.6112;0.1148;0.1563;0.3027;0.3790;0.5161
7681.9081;0.1099;0.1538;0.3052;0.3600;0.5040
7697.1949;0.1148;0.1563;0.3027;0.3790;0.5161
7712.4719;0.1099;0.1563;0.3076;0.3571;0.5079
7727.7393;0.1148;0.1538;0.3101;0.3701;0.4961
7742.9974;0.1123;0.1563;0.3052;0.3680;0.5120
7758.2464;0.1148;0.1587;0.3076;0.3730;0.5159
7773.4865;0.1099;0.1611;0.3125;0.3516;0.5156
7788.7178;0.1123;0.1563;0.3101;0.3622;0.5039
7803.9406;0.1099;0.1563;0.3149;0.3488;0.4961
7819.1552;0.1148;0.1563;0.3125;0.3672;0.5000
7834.3616;0.1099;0.1611;0.3149;0.3488;0.5116
7849.5601;0.1123;0.1587;0.3125;0.3594;0.5078
7864.7510;0.1074;0.1587;0.3149;0.3411;0.5039
7879.9343;0.1123;0.1587;0.3125;0.3594;0.5078
7895.1102;0.1050;0.1611;0.3149;0.3333;0.5116
7910.2791;0.1099;0.1563;0.3174;0.3462;0.4923
7925.4409;0.1050;0.1587;0.3149;0.3333;0.5039
7940.5960;0.1099;0.1587;0.3198;0.3435;0.4962
7955.7444;0.1050;0.1611;0.3198;0.3282;0.5038
7970.8863;0.1074;0.1611;0.3149;0.3411;0.5116
7986.0220;0.1050;0.1587;0.3272;0.3209;0.4851
8001.1515;0.1099;0.1587;0.3174;0.3462;0.5000
8016.2750;0.1050;0.1587;0.3247;0.3233;0.4887
8031.3927;0.1050;0.1587;0.3149;0.3333;0.5039
8046.5047;0.1025;0.1636;0.3247;0.3158;0.5038
8061.6112;0.1050;0.1563;0.3149;0.3333;0.4961
8076.7122;0.1001;0.1636;0.3247;0.3083;0.5038
8091.8081;0.1050;0.1611;0.3198;0.3282;0.5038
8106.8987;0.0977;0.1636;0.3198;0.3053;0.5115
8121.9844;0.0977;0.1587;0.3198;0.3053;0.4962
8137.0653;0.1025;0.1611;0.3247;0.3158;0.4962
8152.1413;0.1001;0.1611;0.3174;0.3154;0.5077
8167.2128;0.0952;0.1611;0.3247;0.2932;0.4962
8182.2797;0.0952;0.1563;0.3149;0.3023;0.4961
8197.3422;0.0952;0.1611;0.3247;0.2932;0.4962
8212.4005;0.0952;0.1563;0.3174;0.3000;0.4923
8227.4545;0.0952;0.1587;0.3174;0.3000;0.5000
8242.5044;0.0952;0.1587;0.3174;0.3000;0.5000
8257.5504;0.0977;0.1587;0.3198;0.3053;0.4962
8272.5924;0.0928;0.1538;0.3149;0.2946;0.4884
8287.6307;0.0952;0.1587;0.3174;0.3000;0.5000
8302.6652;0.0903;0.1514;0.3149;0.2868;0.4806
8317.6960;0.0952;0.1563;0.3149;0.3023;0.4961
8332.7233;0.0879;0.1514;0.3125;0.2813;0.4844
8347.7472;0.0830;0.1563;0.3125;0.2656;0.5000
8362.7676;0.0879;0.1465;0.3101;0.2835;0.4724
8377.7846;0.0879;0.1538;0.3174;0.2769;0.4846
8392.7984;0.0903;0.1489;0.3052;0.2960;0.4880
8407.8089;0.0855;0.1538;0.3101;0.2756;0.4961
8422.8163;0.0830;0.1440;0.3125;0.2656;0.4609
8437.8206;0.0855;0.1465;0.3076;0.2778;0.4762
8452.8218;0.0830;0.1440;0.3052;0.2720;0.4720
8467.8200;0.0830;0.1465;0.3101;0.2677;0.4724
8482.8152;0.0781;0.1392;0.3027;0.2581;0.4597
8497.8075;0.0781;0.1440;0.3052;0.2560;0.4720
8512.7970;0.0757;0.1392;0.3027;0.2500;0.4597
8527.7835;0.0757;0.1440;0.3052;0.2480;0.4720
8542.7673;0.0708;0.1392;0.3003;0.2358;0.4634
8557.7483;0.0757;0.1416;0.3027;0.2500;0.4677
8572.7265;0.0732;0.1343;0.3027;0.2419;0.4436
8587.7020;0.0732;0.1416;0.3027;0.2419;0.4677
8602.6747;0.0708;0.1343;0.2954;0.2397;0.4546
8617.6448;0.0708;0.1343;0.3003;0.2358;0.4472
8632.6122;0.0659;0.1245;0.2930;0.2250;0.4250
8647.5769;0.0708;0.1318;0.2954;0.2397;0.4463
8662.5389;0.0635;0.1270;0.2881;0.2203;0.4407
8677.4983;0.0659;0.1318;0.2954;0.2231;0.4463
8692.4550;0.0610;0.1245;0.2881;0.2119;0.4322
8707.4091;0.0659;0.1270;0.2930;0.2250;0.4333
8722.3605;0.0610;0.1221;0.2856;0.2137;0.4274
8737.3092;0.0635;0.1270;0.2905;0.2185;0.4370
8752.2553;0.0610;0.1196;0.2808;0.2174;0.4261
8767.1986;0.0562;0.1245;0.2856;0.1966;0.4359
8782.1393;0.0562;0.1172;0.2808;0.2000;0.4174
8797.0773;0.0586;0.1196;0.2881;0.2034;0.4153
8812.0126;0.0562;0.1172;0.2759;0.2035;0.4248
8826.9451;0.0562;0.1196;0.2832;0.1983;0.4224
8841.8748;0.0537;0.1123;0.2759;0.1947;0.4071
8856.8018;0.0562;0.1172;0.2759;0.2035;0.4248
8871.7259;0.0513;0.1099;0.2710;0.1892;0.4054
8886.6472;0.0562;0.1148;0.2759;0.2035;0.4159
8901.5656;0.0488;0.1123;0.2661;0.1835;0.4220
8916.4811;0.0562;0.1148;0.2710;0.2072;0.4234
8931.3937;0.0513;0.1050;0.2661;0.1927;0.3945
8946.3033;0.0562;0.1148;0.2661;0.2110;0.4312
8961.2098;0.0415;0.1074;0.2661;0.1560;0.4037
8976.1134;0.0415;0.1099;0.2661;0.1560;0.4128
8991.0138;0.0415;0.1050;0.2637;0.1574;0.3982
9005.9111;0.0440;0.1050;0.2637;0.1667;0.3982
9020.8052;0.0366;0.1050;0.2588;0.1415;0.4057
9035.6961;0.0415;0.1050;0.2637;0.1574;0.3982
9050.5837;0.0366;0.1001;0.2588;0.1415;0.3868
9065.4679;0.0391;0.1025;0.2588;0.1509;0.3962
9080.3488;0.0342;0.0977;0.2539;0.1346;0.3846
9095.2263;0.0415;0.1025;0.2564;0.1619;0.4000
9110.1003;0.0317;0.0977;0.2515;0.1262;0.3884
9124.9707;0.0391;0.1001;0.2564;0.1524;0.3905
9139.8376;0.0342;0.0977;0.2515;0.1359;0.3884
9154.7008;0.0366;0.0977;0.2515;0.1456;0.3884
9169.5603;0.0317;0.0977;0.2515;0.1262;0.3884
9184.4160;0.0366;0.0928;0.2466;0.1485;0.3762
9199.2679;0.0269;0.0928;0.2441;0.1100;0.3800
9214.1159;0.0342;0.0952;0.2441;0.1400;0.3900
9228.9600;0.0293;0.0928;0.2441;0.1200;0.3800
9243.8001;0.0342;0.0928;0.2441;0.1400;0.3800
9258.6361;0.0244;0.0879;0.2393;0.1020;0.3674
9273.4679;0.0317;0.0903;0.2417;0.1313;0.3737
9288.2956;0.0244;0.0879;0.2368;0.1031;0.3711
9303.1190;0.0293;0.0879;0.2393;0.1225;0.3674
9317.9381;0.0220;0.0830;0.2368;0.0928;0.3505
9332.7528;0.0269;0.0830;0.2368;0.1134;0.3505
9347.5630;0.0220;0.0830;0.2344;0.0938;0.3542
9362.3687;0.0269;0.0830;0.2319;0.1158;0.3579
9377.1698;0.0171;0.0806;0.2271;0.0753;0.3548
9391.9663;0.0269;0.0781;0.2319;0.1158;0.3368
9406.7580;0.0220;0.0757;0.2246;0.0978;0.3370
9421.5450;0.0269;0.0732;0.2271;0.1183;0.3226
9436.3271;0.0195;0.0757;0.2246;0.0870;0.3370
9451.1043;0.0220;0.0732;0.2246;0.0978;0.3261
9465.8765;0.0147;0.0732;0.2222;0.0659;0.3297
9480.6436;0.0171;0.0708;0.2197;0.0778;0.3222
9495.4056;0.0122;0.0684;0.2173;0.0562;0.3146
9510.1625;0.0147;0.0659;0.2148;0.0682;0.3068
9524.9140;0.0098;0.0659;0.2197;0.0444;0.3000
9539.6603;0.0122;0.0610;0.2148;0.0568;0.2841
9554.4012;0.0098;0.0635;0.2100;0.0465;0.3023
9569.1367;0.0147;0.0586;0.2148;0.0682;0.2727
9583.8667;0.0122;0.0562;0.2100;0.0581;0.2674
9598.5911;0.0098;0.0586;0.2124;0.0460;0.2759
9613.3099;0.0073;0.0562;0.2100;0.0349;0.2674
9628.0230;0.0098;0.0537;0.2075;0.0471;0.2588
9642.7303;0.0073;0.0586;0.2075;0.0353;0.2824
9657.4319;0.0073;0.0513;0.2075;0.0353;0.2471
9672.1275;0.0024;0.0513;0.2051;0.0119;0.2500
9686.8173;0.0049;0.0513;0.2051;0.0238;0.2500
9701.5011;0.0024;0.0513;0.2051;0.0119;0.2500
9716.1789;0.0049;0.0391;0.2026;0.0241;0.1928
9730.8506;0.0000;0.0440;0.2051;0.0000;0.2143
9745.5161;0.0024;0.0342;0.2026;0.0121;0.1687
9760.1755;-0.0049;0.0342;0.1953;-0.0250;0.1750
9774.8287;0.0024;0.0317;0.1978;0.0124;0.1605
9789.4755;-0.0024;0.0342;0.1978;-0.0124;0.1728
9804.1160;0.0049;0.0244;0.1978;0.0247;0.1235
9818.7502;-0.0049;0.0342;0.1953;-0.0250;0.1750
9833.3780;0.0024;0.0269;0.1953;0.0125;0.1375
9847.9992;-0.0049;0.0317;0.1953;-0.0250;0.1625
9862.6140;0.0024;0.0220;0.1953;0.0125;0.1125
9877.2223;-0.0024;0.0269;0.1929;-0.0127;0.1392
9891.8239;-0.0049;0.0171;0.1929;-0.0253;0.0886
9906.4190;-0.0024;0.0244;0.1929;-0.0127;0.1266
9921.0074;0.0000;0.0195;0.1904;0.0000;0.1026
9935.5892;-0.0073;0.0195;0.1904;-0.0385;0.1026
9950.1642;-0.0049;0.0147;0.1904;-0.0256;0.0769
9964.7325;-0.0049;0.0171;0.1929;-0.0253;0.0886
9979.2941;-0.0049;0.0098;0.1856;-0.0263;0.0526
9993.8488;-0.0122;0.0171;0.1856;-0.0658;0.0921
10008.3968;-0.0073;0.0098;0.1856;-0.0395;0.0526
10022.9379;-0.0122;0.0122;0.1856;-0.0658;0.0658
10037.4723;-0.0098;0.0073;0.1831;-0.0533;0.0400
10051.9997;-0.0098;0.0098;0.1831;-0.0533;0.0533
10066.5203;-0.0049;0.0049;0.1807;-0.0270;0.0270
10081.0340;-0.0098;0.0098;0.1807;-0.0541;0.0541
10095.5408;-0.0098;0.0049;0.1807;-0.0541;0.0270
10110.0407;-0.0122;0.0122;0.1807;-0.0676;0.0676
10124.5338;-0.0098;0.0024;0.1782;-0.0548;0.0137
10139.0199;-0.0122;0.0073;0.1758;-0.0694;0.0417
10153.4991;-0.0098;0.0049;0.1758;-0.0556;0.0278
10167.9715;-0.0147;0.0098;0.1758;-0.0833;0.0556
10182.4369;-0.0171;0.0049;0.1758;-0.0972;0.0278
10196.8955;-0.0122;0.0049;0.1782;-0.0685;0.0274
10211.3473;-0.0073;0.0024;0.1709;-0.0429;0.0143
10225.7921;-0.0147;0.0073;0.1758;-0.0833;0.0417
10240.2302;-0.0098;0.0024;0.1709;-0.0571;0.0143
10254.6614;-0.0098;0.0049;0.1709;-0.0571;0.0286
10269.0858;-0.0098;0.0049;0.1685;-0.0580;0.0290
10283.5035;-0.0122;0.0073;0.1709;-0.0714;0.0429
10297.9145;-0.0098;0.0073;0.1660;-0.0588;0.0441
10312.3187;-0.0098;0.0073;0.1685;-0.0580;0.0435
10326.7163;-0.0098;0.0049;0.1636;-0.0597;0.0299
10341.1072;-0.0122;0.0098;0.1660;-0.0735;0.0588
10355.4915;-0.0147;0.0049;0.1636;-0.0896;0.0299
10369.8693;-0.0122;0.0098;0.1636;-0.0746;0.0597
10384.2405;-0.0098;0.0049;0.1587;-0.0615;0.0308
10398.6053;-0.0122;0.0122;0.1636;-0.0746;0.0746
10412.9637;-0.0098;0.0073;0.1611;-0.0606;0.0455
10427.3157;-0.0122;0.0147;0.1636;-0.0746;0.0896
10441.6615;-0.0122;0.0098;0.1587;-0.0769;0.0615
10456.0009;-0.0122;0.0147;0.1563;-0.0781;0.0938
10470.3342;-0.0147;0.0122;0.1538;-0.0952;0.0794
10484.6614;-0.0098;0.0147;0.1563;-0.0625;0.0938
10498.9826;-0.0098;0.0122;0.1514;-0.0645;0.0807
10513.2977;-0.0147;0.0195;0.1563;-0.0938;0.1250
10527.6070;-0.0122;0.0147;0.1538;-0.0794;0.0952
10541.9104;-0.0122;0.0220;0.1563;-0.0781;0.1406
10556.2081;-0.0098;0.0147;0.1514;-0.0645;0.0968
10570.5002;-0.0073;0.0195;0.1538;-0.0476;0.1270
10584.7867;-0.0122;0.0147;0.1489;-0.0820;0.0984
10599.0676;-0.0098;0.0220;0.1538;-0.0635;0.1429
10613.3432;-0.0122;0.0147;0.1440;-0.0848;0.1017
10627.6135;-0.0147;0.0220;0.1514;-0.0968;0.1452
10641.8786;-0.0098;0.0171;0.1465;-0.0667;0.1167
10656.1386;-0.0098;0.0244;0.1489;-0.0656;0.1639
10670.3937;-0.0098;0.0195;0.1440;-0.0678;0.1356
10684.6438;-0.0098;0.0244;0.1465;-0.0667;0.1667
10698.8892;-0.0147;0.0220;0.1416;-0.1035;0.1552
10713.1299;-0.0147;0.0293;0.1440;-0.1017;0.2034
10727.3661;-0.0122;0.0220;0.1392;-0.0877;0.1579
10741.5978;-0.0122;0.0269;0.1465;-0.0833;0.1833
10755.8253;-0.0122;0.0220;0.1392;-0.0877;0.1579
10770.0486;-0.0098;0.0317;0.1416;-0.0690;0.2241
10784.2678;-0.0049;0.0244;0.1343;-0.0364;0.1818
10798.4831;-0.0098;0.0269;0.1416;-0.0690;0.1897
10812.6947;-0.0098;0.0293;0.1294;-0.0755;0.2264
10826.9026;-0.0049;0.0317;0.1392;-0.0351;0.2281
10841.1070;-0.0098;0.0317;0.1318;-0.0741;0.2407
10855.3080;-0.0073;0.0342;0.1318;-0.0556;0.2593
10869.5059;-0.0098;0.0317;0.1270;-0.0769;0.2500
10883.7007;-0.0122;0.0342;0.1343;-0.0909;0.2546
10897.8925;-0.0098;0.0317;0.1270;-0.0769;0.2500
10912.0816;-0.0049;0.0366;0.1270;-0.0385;0.2885
10926.2682;-0.0049;0.0342;0.1270;-0.0385;0.2692
10940.4522;-0.0098;0.0366;0.1294;-0.0755;0.2830
10954.6340;-0.0098;0.0342;0.1196;-0.0816;0.2857
10968.8137;-0.0098;0.0342;0.1294;-0.0755;0.2642
10982.9914;-0.0147;0.0366;0.1196;-0.1225;0.3061
10997.1674;-0.0098;0.0366;0.1294;-0.0755;0.2830
11011.3418;-0.0147;0.0342;0.1196;-0.1225;0.2857
11025.5147;-0.0073;0.0366;0.1245;-0.0588;0.2941
11039.6864;-0.0122;0.0366;0.1123;-0.1087;0.3261
11053.8570;-0.0049;0.0366;0.1221;-0.0400;0.3000
11068.0267;-0.0122;0.0366;0.1172;-0.1042;0.3125
11082.1958;-0.0073;0.0391;0.1196;-0.0612;0.3265
11096.3643;-0.0122;0.0366;0.1123;-0.1087;0.3261
11110.5325;-0.0073;0.0415;0.1172;-0.0625;0.3542
11124.7006;-0.0122;0.0366;0.1123;-0.1087;0.3261
11138.8687;-0.0147;0.0415;0.1148;-0.1277;0.3617
11153.0371;-0.0171;0.0391;0.1099;-0.1556;0.3556
11167.2059;-0.0098;0.0415;0.1172;-0.0833;0.3542
11181.3754;-0.0098;0.0391;0.1099;-0.0889;0.3556
11195.5458;-0.0147;0.0391;0.1148;-0.1277;0.3404
11209.7172;-0.0171;0.0391;0.1074;-0.1591;0.3636
11223.8899;-0.0073;0.0415;0.1123;-0.0652;0.3696
11238.0641;-0.0147;0.0366;0.1074;-0.1364;0.3409
11252.2399;-0.0098;0.0391;0.1123;-0.0870;0.3478
11266.4177;-0.0147;0.0366;0.1074;-0.1364;0.3409
11280.5975;-0.0049;0.0366;0.1099;-0.0444;0.3333
11294.7797;-0.0171;0.0415;0.1050;-0.1628;0.3954
11308.9645;-0.0098;0.0391;0.1050;-0.0930;0.3721
11323.1520;-0.0171;0.0391;0.1050;-0.1628;0.3721
11337.3425;-0.0098;0.0366;0.1050;-0.0930;0.3488
11351.5362;-0.0147;0.0391;0.1050;-0.1395;0.3721
11365.7333;-0.0098;0.0366;0.1050;-0.0930;0.3488
11379.9341;-0.0147;0.0366;0.1050;-0.1395;0.3488
11394.1387;-0.0098;0.0415;0.1050;-0.0930;0.3954
11408.3475;-0.0147;0.0366;0.1025;-0.1429;0.3571
11422.5605;-0.0098;0.0342;0.1025;-0.0952;0.3333
11436.7781;-0.0171;0.0366;0.1074;-0.1591;0.3409
11451.0005;-0.0098;0.0366;0.1050;-0.0930;0.3488
11465.2280;-0.0220;0.0366;0.1025;-0.2143;0.3571
11479.4606;-0.0147;0.0366;0.1025;-0.1429;0.3571
11493.6987;-0.0171;0.0342;0.1025;-0.1667;0.3333
11507.9426;-0.0122;0.0342;0.1001;-0.1220;0.3415
11522.1923;-0.0220;0.0342;0.0952;-0.2308;0.3590
11536.4483;-0.0122;0.0342;0.0977;-0.1250;0.3500
11550.7106;-0.0147;0.0342;0.1001;-0.1463;0.3415
11564.9796;-0.0122;0.0366;0.0952;-0.1282;0.3846
11579.2554;-0.0171;0.0342;0.0952;-0.1795;0.3590
11593.5384;-0.0147;0.0317;0.0952;-0.1539;0.3333
11607.8287;-0.0171;0.0366;0.0952;-0.1795;0.3846
11622.1266;-0.0147;0.0317;0.0928;-0.1579;0.3421
11636.4322;-0.0195;0.0342;0.0952;-0.2051;0.3590
11650.7459;-0.0147;0.0269;0.0903;-0.1622;0.2973
11665.0679;-0.0195;0.0317;0.0928;-0.2105;0.3421
11679.3984;-0.0147;0.0293;0.0855;-0.1714;0.3429
11693.7376;-0.0171;0.0342;0.0903;-0.1892;0.3784
11708.0859;-0.0147;0.0269;0.0903;-0.1622;0.2973
11722.4433;-0.0195;0.0317;0.0928;-0.2105;0.3421
11736.8101;-0.0147;0.0317;0.0903;-0.1622;0.3514
11751.1866;-0.0195;0.0317;0.0903;-0.2162;0.3514
11765.5730;-0.0098;0.0293;0.0830;-0.1177;0.3529
11779.9696;-0.0195;0.0269;0.0879;-0.2222;0.3056
11794.3764;-0.0171;0.0269;0.0830;-0.2059;0.3235
11808.7939;-0.0195;0.0317;0.0903;-0.2162;0.3514
11823.2222;-0.0147;0.0293;0.0855;-0.1714;0.3429
11837.6615;-0.0147;0.0293;0.0879;-0.1667;0.3333
11852.1120;-0.0147;0.0269;0.0830;-0.1765;0.3235
11866.5740;-0.0195;0.0293;0.0855;-0.2286;0.3429
11881.0478;-0.0147;0.0244;0.0806;-0.1818;0.3030
11895.5334;-0.0171;0.0293;0.0830;-0.2059;0.3529
11910.0311;-0.0171;0.0244;0.0781;-0.2188;0.3125
11924.5412;-0.0195;0.0244;0.0830;-0.2353;0.2941
11939.0639;-0.0147;0.0269;0.0757;-0.1936;0.3548
11953.5993;-0.0195;0.0317;0.0806;-0.2424;0.3939
11968.1477;-0.0195;0.0244;0.0757;-0.2581;0.3226
11982.7093;-0.0220;0.0269;0.0830;-0.2647;0.3235
11997.2843;-0.0147;0.0220;0.0732;-0.2000;0.3000
12011.8728;-0.0220;0.0269;0.0781;-0.2813;0.3438
12026.4752;-0.0171;0.0220;0.0732;-0.2333;0.3000
12041.0915;-0.0195;0.0269;0.0806;-0.2424;0.3333
12055.7220;-0.0147;0.0220;0.0757;-0.1936;0.2903
12070.3669;-0.0220;0.0244;0.0781;-0.2813;0.3125
12085.0263;-0.0220;0.0220;0.0732;-0.3000;0.3000
12099.7005;-0.0244;0.0220;0.0757;-0.3226;0.2903
12114.3896;-0.0171;0.0195;0.0732;-0.2333;0.2667
12129.0938;-0.0220;0.0244;0.0757;-0.2903;0.3226
12143.8133;-0.0195;0.0195;0.0708;-0.2759;0.2759
12158.5483;-0.0244;0.0244;0.0757;-0.3226;0.3226
12173.2989;-0.0195;0.0171;0.0684;-0.2857;0.2500
12188.0652;-0.0220;0.0244;0.0732;-0.3000;0.3333
12202.8476;-0.0147;0.0122;0.0708;-0.2069;0.1724
12217.6460;-0.0195;0.0220;0.0757;-0.2581;0.2903
12232.4608;-0.0171;0.0147;0.0659;-0.2593;0.2222
12247.2919;-0.0244;0.0220;0.0757;-0.3226;0.2903
12262.1396;-0.0195;0.0147;0.0708;-0.2759;0.2069
12277.0040;-0.0244;0.0244;0.0732;-0.3333;0.3333
12291.8853;-0.0195;0.0122;0.0635;-0.3077;0.1923
12306.7836;-0.0244;0.0171;0.0708;-0.3448;0.2414
12321.6990;-0.0220;0.0147;0.0635;-0.3462;0.2308
12336.6316;-0.0244;0.0195;0.0708;-0.3448;0.2759
12351.5816;-0.0220;0.0147;0.0635;-0.3462;0.2308
12366.5490;-0.0293;0.0195;0.0659;-0.4444;0.2963
12381.5341;-0.0220;0.0195;0.0635;-0.3462;0.3077
12396.5369;-0.0220;0.0195;0.0659;-0.3333;0.2963
12411.5575;-0.0195;0.0147;0.0635;-0.3077;0.2308
12426.5959;-0.0244;0.0220;0.0659;-0.3704;0.3333
12441.6524;-0.0220;0.0098;0.0610;-0.3600;0.1600
12456.7270;-0.0269;0.0171;0.0659;-0.4074;0.2593
12471.8197;-0.0195;0.0122;0.0610;-0.3200;0.2000
12486.9307;-0.0244;0.0171;0.0659;-0.3704;0.2593
12502.0600;-0.0220;0.0122;0.0635;-0.3462;0.1923
12517.2077;-0.0244;0.0171;0.0659;-0.3704;0.2593
12532.3738;-0.0195;0.0098;0.0562;-0.3478;0.1739
12547.5584;-0.0244;0.0171;0.0635;-0.3846;0.2692
12562.7616;-0.0195;0.0122;0.0562;-0.3478;0.2174
12577.9834;-0.0244;0.0122;0.0635;-0.3846;0.1923
12593.2238;-0.0195;0.0122;0.0586;-0.3333;0.2083
12608.4829;-0.0269;0.0147;0.0635;-0.4231;0.2308
12623.7607;-0.0195;0.0122;0.0562;-0.3478;0.2174
12639.0573;-0.0244;0.0147;0.0562;-0.4348;0.2609
12654.3725;-0.0171;0.0122;0.0513;-0.3333;0.2381
12669.7065;-0.0244;0.0098;0.0635;-0.3846;0.1539
12685.0592;-0.0195;0.0073;0.0513;-0.3810;0.1429
12700.4307;-0.0244;0.0147;0.0586;-0.4167;0.2500
12715.8209;-0.0220;0.0122;0.0562;-0.3913;0.2174
12731.2299;-0.0244;0.0122;0.0659;-0.3704;0.1852
12746.6575;-0.0195;0.0073;0.0562;-0.3478;0.1304
12762.1038;-0.0220;0.0147;0.0586;-0.3750;0.2500
12777.5688;-0.0244;0.0098;0.0586;-0.4167;0.1667
12793.0523;-0.0244;0.0122;0.0562;-0.4348;0.2174
12808.5544;-0.0171;0.0098;0.0562;-0.3044;0.1739
12824.0750;-0.0244;0.0147;0.0586;-0.4167;0.2500
12839.6140;-0.0195;0.0098;0.0537;-0.3636;0.1818
12855.1713;-0.0269;0.0122;0.0586;-0.4583;0.2083
12870.7470;-0.0195;0.0098;0.0537;-0.3636;0.1818
12886.3408;-0.0269;0.0098;0.0562;-0.4783;0.1739
12901.9528;-0.0220;0.0122;0.0562;-0.3913;0.2174
12917.5828;-0.0244;0.0098;0.0562;-0.4348;0.1739
12933.2308;-0.0220;0.0098;0.0513;-0.4286;0.1905
12948.8965;-0.0244;0.0098;0.0562;-0.4348;0.1739
12964.5799;-0.0195;0.0098;0.0440;-0.4444;0.2222
12980.2810;-0.0244;0.0049;0.0537;-0.4546;0.0909
12995.9994;-0.0220;0.0122;0.0488;-0.4500;0.2500
13011.7352;-0.0244;0.0073;0.0513;-0.4762;0.1429
13027.4882;-0.0220;0.0122;0.0488;-0.4500;0.2500
13043.2582;-0.0269;0.0024;0.0513;-0.5238;0.0476
13059.0450;-0.0195;0.0098;0.0513;-0.3810;0.1905
13074.8485;-0.0244;0.0098;0.0513;-0.4762;0.1905
13090.6686;-0.0244;0.0098;0.0440;-0.5556;0.2222
13106.5051;-0.0244;0.0024;0.0513;-0.4762;0.0476
13122.3577;-0.0220;0.0098;0.0513;-0.4286;0.1905
13138.2263;-0.0244;0.0073;0.0513;-0.4762;0.1429
13154.1106;-0.0220;0.0098;0.0415;-0.5294;0.2353
13170.0106;-0.0269;0.0024;0.0513;-0.5238;0.0476
13185.9259;-0.0220;0.0098;0.0440;-0.5000;0.2222
13201.8564;-0.0269;0.0073;0.0513;-0.5238;0.1429
13217.8018;-0.0220;0.0073;0.0415;-0.5294;0.1765
13233.7619;-0.0220;0.0024;0.0513;-0.4286;0.0476
13249.7365;-0.0220;0.0098;0.0415;-0.5294;0.2353
13265.7252;-0.0244;0.0049;0.0513;-0.4762;0.0952
13281.7280;-0.0195;0.0098;0.0415;-0.4706;0.2353
13297.7445;-0.0244;0.0024;0.0415;-0.5882;0.0588
13313.7744;-0.0220;0.0073;0.0415;-0.5294;0.1765
13329.8174;-0.0244;0.0000;0.0488;-0.5000;0.0000
13345.8734;-0.0220;0.0073;0.0366;-0.6000;0.2000
13361.9420;-0.0195;0.0049;0.0440;-0.4444;0.1111
13378.0230;-0.0220;0.0098;0.0391;-0.5625;0.2500
13394.1160;-0.0220;0.0024;0.0440;-0.5000;0.0556
13410.2207;-0.0269;0.0073;0.0342;-0.7857;0.2143
13426.3368;-0.0220;0.0049;0.0488;-0.4500;0.1000
13442.4641;-0.0195;0.0073;0.0391;-0.5000;0.1875
13458.6022;-0.0244;0.0024;0.0391;-0.6250;0.0625
13474.7508;-0.0220;0.0073;0.0415;-0.5294;0.1765
13490.9095;-0.0220;0.0073;0.0391;-0.5625;0.1875
13507.0781;-0.0244;0.0049;0.0366;-0.6667;0.1333
13523.2562;-0.0244;0.0000;0.0415;-0.5882;0.0000
13539.4434;-0.0171;0.0073;0.0366;-0.4667;0.2000
13555.6394;-0.0220;-0.0024;0.0415;-0.5294;-0.0588
13571.8439;-0.0269;0.0049;0.0366;-0.7333;0.1333
13588.0564;-0.0244;0.0000;0.0415;-0.5882;0.0000
13604.2767;-0.0220;0.0049;0.0342;-0.6429;0.1429
13620.5044;-0.0244;-0.0024;0.0342;-0.7143;-0.0714
13636.7391;-0.0269;0.0049;0.0366;-0.7333;0.1333
13652.9804;-0.0244;0.0024;0.0342;-0.7143;0.0714
13669.2279;-0.0244;0.0049;0.0342;-0.7143;0.1429
13685.4814;-0.0244;-0.0024;0.0391;-0.6250;-0.0625
13701.7403;-0.0244;0.0049;0.0342;-0.7143;0.1429
13718.0043;-0.0269;-0.0024;0.0366;-0.7333;-0.0667
13734.2731;-0.0244;0.0024;0.0366;-0.6667;0.0667
13750.5462;-0.0244;0.0000;0.0342;-0.7143;0.0000
13766.8232;-0.0244;0.0049;0.0366;-0.6667;0.1333
13783.1038;-0.0244;0.0000;0.0391;-0.6250;0.0000
13799.3876;-0.0244;0.0073;0.0342;-0.7143;0.2143
13815.6740;-0.0244;-0.0024;0.0342;-0.7143;-0.0714
13831.9629;-0.0220;0.0024;0.0342;-0.6429;0.0714
13848.2537;-0.0195;-0.0049;0.0366;-0.5333;-0.1333
13864.5460;-0.0244;0.0049;0.0366;-0.6667;0.1333
13880.8395;-0.0244;-0.0024;0.0391;-0.6250;-0.0625
13897.1338;-0.0244;0.0049;0.0391;-0.6250;0.1250
13913.4284;-0.0244;0.0000;0.0342;-0.7143;0.0000
13929.7229;-0.0244;0.0000;0.0317;-0.7692;0.0000
13946.0170;-0.0220;-0.0024;0.0366;-0.6000;-0.0667
13962.3102;-0.0269;0.0024;0.0366;-0.7333;0.0667
13978.6022;-0.0244;-0.0024;0.0342;-0.7143;-0.0714
13994.8925;-0.0293;0.0049;0.0342;-0.8571;0.1429
14011.1808;-0.0220;-0.0024;0.0342;-0.6429;-0.0714
14027.4667;-0.0293;0.0024;0.0317;-0.9231;0.0769
14043.7497;-0.0244;-0.0049;0.0342;-0.7143;-0.1429
14060.0296;-0.0293;0.0000;0.0317;-0.9231;0.0000
14076.3058;-0.0244;0.0000;0.0342;-0.7143;0.0000
14092.5781;-0.0317;0.0024;0.0342;-0.9286;0.0714
14108.8461;-0.0244;-0.0024;0.0342;-0.7143;-0.0714
14125.1093;-0.0269;-0.0024;0.0317;-0.8462;-0.0769
14141.3675;-0.0220;-0.0024;0.0317;-0.6923;-0.0769
14157.6202;-0.0293;0.0024;0.0317;-0.9231;0.0769
14173.8672;-0.0244;-0.0049;0.0317;-0.7692;-0.1539
14190.1080;-0.0293;0.0024;0.0317;-0.9231;0.0769
14206.3424;-0.0269;-0.0024;0.0293;-0.9167;-0.0833
14222.5699;-0.0342;-0.0024;0.0317;-1.0769;-0.0769
14238.7904;-0.0293;-0.0049;0.0317;-0.9231;-0.1539
14255.0034;-0.0293;0.0000;0.0342;-0.8571;0.0000
14271.2087;-0.0195;-0.0049;0.0317;-0.6154;-0.1539
14287.4060;-0.0293;0.0000;0.0317;-0.9231;0.0000
14303.5949;-0.0269;-0.0049;0.0317;-0.8462;-0.1539
14319.7753;-0.0342;0.0000;0.0317;-1.0769;0.0000
14335.9468;-0.0244;-0.0049;0.0269;-0.9091;-0.1818
14352.1092;-0.0244;-0.0024;0.0293;-0.8333;-0.0833
14368.2623;-0.0269;-0.0024;0.0293;-0.9167;-0.0833
14384.4057;-0.0293;0.0000;0.0317;-0.9231;0.0000
14400.5394;-0.0244;-0.0049;0.0293;-0.8333;-0.1667
14416.6632;-0.0317;-0.0049;0.0293;-1.0833;-0.1667
14432.7767;-0.0269;-0.0073;0.0293;-0.9167;-0.2500
14448.8799;-0.0293;0.0049;0.0293;-1.0000;0.1667
14464.9726;-0.0244;-0.0073;0.0244;-1.0000;-0.3000
14481.0547;-0.0293;-0.0049;0.0293;-1.0000;-0.1667
14497.1261;-0.0293;-0.0098;0.0244;-1.2000;-0.4000
14513.1866;-0.0293;0.0000;0.0269;-1.0909;0.0000
14529.2362;-0.0244;-0.0049;0.0244;-1.0000;-0.2000
14545.2748;-0.0269;-0.0024;0.0269;-1.0000;-0.0909
14561.3023;-0.0220;-0.0049;0.0244;-0.9000;-0.2000
14577.3188;-0.0293;-0.0024;0.0244;-1.2000;-0.1000
14593.3243;-0.0244;-0.0073;0.0244;-1.0000;-0.3000
14609.3187;-0.0269;-0.0073;0.0293;-0.9167;-0.2500
14625.3021;-0.0244;-0.0098;0.0244;-1.0000;-0.4000
14641.2746;-0.0269;-0.0049;0.0269;-1.0000;-0.1818
14657.2363;-0.0244;-0.0098;0.0244;-1.0000;-0.4000
14673.1873;-0.0317;0.0000;0.0244;-1.3000;0.0000
14689.1278;-0.0269;-0.0073;0.0269;-1.0000;-0.2727
14705.0578;-0.0269;-0.0049;0.0220;-1.2222;-0.2222
14720.9777;-0.0244;-0.0098;0.0244;-1.0000;-0.4000
14736.8877;-0.0269;-0.0049;0.0195;-1.3750;-0.2500
14752.7880;-0.0269;-0.0098;0.0220;-1.2222;-0.4444
14768.6788;-0.0293;-0.0049;0.0220;-1.3333;-0.2222
14784.5607;-0.0220;-0.0098;0.0220;-1.0000;-0.4444
14800.4338;-0.0293;-0.0049;0.0244;-1.2000;-0.2000
14816.2986;-0.0244;-0.0098;0.0195;-1.2500;-0.5000
14832.1555;-0.0269;-0.0049;0.0220;-1.2222;-0.2222
14848.0049;-0.0293;-0.0122;0.0195;-1.5000;-0.6250
14863.8475;-0.0269;-0.0049;0.0244;-1.1000;-0.2000
14879.6836;-0.0220;-0.0098;0.0269;-0.8182;-0.3636
14895.5140;-0.0269;-0.0049;0.0171;-1.5714;-0.2857
14911.3391;-0.0244;-0.0122;0.0244;-1.0000;-0.5000
14927.1597;-0.0293;-0.0049;0.0244;-1.2000;-0.2000
14942.9764;-0.0220;-0.0122;0.0244;-0.9000;-0.5000
14958.7900;-0.0293;-0.0049;0.0244;-1.2000;-0.2000
14974.6013;-0.0244;-0.0122;0.0195;-1.2500;-0.6250
14990.4111;-0.0269;-0.0073;0.0244;-1.1000;-0.3000
15006.2203;-0.0244;-0.0122;0.0195;-1.2500;-0.6250
15022.0298;-0.0269;-0.0049;0.0220;-1.2222;-0.2222
15037.8406;-0.0269;-0.0122;0.0195;-1.3750;-0.6250
15053.6537;-0.0269;-0.0049;0.0220;-1.2222;-0.2222
15069.4702;-0.0269;-0.0073;0.0171;-1.5714;-0.4286
15085.2912;-0.0293;-0.0049;0.0244;-1.2000;-0.2000
15101.1179;-0.0244;-0.0098;0.0195;-1.2500;-0.5000
15116.9515;-0.0220;-0.0073;0.0195;-1.1250;-0.3750
15132.7934;-0.0244;-0.0098;0.0171;-1.4286;-0.5714
15148.6448;-0.0293;-0.0073;0.0195;-1.5000;-0.3750
15164.5072;-0.0244;-0.0098;0.0171;-1.4286;-0.5714
15180.3821;-0.0269;-0.0098;0.0195;-1.3750;-0.5000
15196.2710;-0.0244;-0.0098;0.0195;-1.2500;-0.5000
15212.1755;-0.0293;-0.0073;0.0195;-1.5000;-0.3750
15228.0972;-0.0244;-0.0147;0.0171;-1.4286;-0.8571
15244.0380;-0.0269;-0.0098;0.0195;-1.3750;-0.5000
15259.9995;-0.0244;-0.0122;0.0171;-1.4286;-0.7143
15275.9836;-0.0269;-0.0073;0.0195;-1.3750;-0.3750
15291.9924;-0.0220;-0.0147;0.0171;-1.2857;-0.8571
15308.0277;-0.0269;-0.0098;0.0171;-1.5714;-0.5714
15324.0918;-0.0244;-0.0147;0.0147;-1.6667;-1.0000
15340.1866;-0.0293;-0.0098;0.0171;-1.7143;-0.5714
15356.3146;-0.0269;-0.0122;0.0171;-1.5714;-0.7143
15372.4779;-0.0269;-0.0073;0.0220;-1.2222;-0.3333
15388.6790;-0.0293;-0.0122;0.0171;-1.7143;-0.7143
15404.9204;-0.0293;-0.0073;0.0195;-1.5000;-0.3750
15421.2046;-0.0244;-0.0073;0.0171;-1.4286;-0.4286
15437.5342;-0.0244;-0.0073;0.0171;-1.4286;-0.4286
15453.9121;-0.0244;-0.0147;0.0122;-2.0000;-1.2000
15470.3410;-0.0293;-0.0098;0.0147;-2.0000;-0.6667
15486.8238;-0.0244;-0.0098;0.0147;-1.6667;-0.6667
15503.3636;-0.0269;-0.0073;0.0171;-1.5714;-0.4286
15519.9634;-0.0293;-0.0098;0.0171;-1.7143;-0.5714
15536.6264;-0.0293;-0.0098;0.0195;-1.5000;-0.5000
15553.3560;-0.0244;-0.0098;0.0147;-1.6667;-0.6667
15570.1554;-0.0269;-0.0098;0.0171;-1.5714;-0.5714
15587.0284;-0.0293;-0.0073;0.0147;-2.0000;-0.5000
15603.9783;-0.0269;-0.0049;0.0171;-1.5714;-0.2857
15621.0089;-0.0269;-0.0122;0.0122;-2.2000;-1.0000
15638.1241;-0.0244;-0.0122;0.0171;-1.4286;-0.7143
15655.3278;-0.0220;-0.0073;0.0098;-2.2500;-0.7500
15672.6240;-0.0244;-0.0098;0.0195;-1.2500;-0.5000
15690.0168;-0.0269;-0.0073;0.0171;-1.5714;-0.4286
15707.5105;-0.0269;-0.0098;0.0147;-1.8333;-0.6667
15725.1095;-0.0269;-0.0098;0.0122;-2.2000;-0.8000
15742.8184;-0.0244;-0.0098;0.0147;-1.6667;-0.6667
15760.6416;-0.0269;-0.0098;0.0122;-2.2000;-0.8000
15778.5841;-0.0269;-0.0098;0.0195;-1.3750;-0.5000
15796.6506;-0.0317;-0.0098;0.0073;-4.3333;-1.3333
15814.8462;-0.0244;-0.0073;0.0147;-1.6667;-0.5000
15833.1760;-0.0244;-0.0098;0.0122;-2.0000;-0.8000
15851.6452;-0.0244;-0.0122;0.0171;-1.4286;-0.7143
15870.2594;-0.0269;-0.0122;0.0098;-2.7500;-1.2500
15889.0240;-0.0244;-0.0122;0.0147;-1.6667;-0.8333
15907.9448;-0.0244;-0.0098;0.0098;-2.5000;-1.0000
15927.0275;-0.0269;-0.0098;0.0147;-1.8333;-0.6667
15946.2782;-0.0244;-0.0073;0.0098;-2.5000;-0.7500
15965.7030;-0.0269;-0.0122;0.0122;-2.2000;-1.0000
15985.3081;-0.0269;-0.0098;0.0098;-2.7500;-1.0000
16005.1001;-0.0244;-0.0098;0.0147;-1.6667;-0.6667
16025.0854;-0.0244;-0.0073;0.0122;-2.0000;-0.6000
16045.2708;-0.0220;-0.0098;0.0122;-1.8000;-0.8000
16065.6633;-0.0269;-0.0098;0.0098;-2.7500;-1.0000
16086.2699;-0.0244;-0.0098;0.0147;-1.6667;-0.6667
16107.0979;-0.0293;-0.0098;0.0073;-4.0000;-1.3333
16128.1546;-0.0244;-0.0122;0.0098;-2.5000;-1.2500
16149.4477;-0.0244;-0.0098;0.0049;-5.0000;-2.0000
16170.9850;-0.0269;-0.0122;0.0122;-2.2000;-1.0000
16192.7742;-0.0244;-0.0098;0.0049;-5.0000;-2.0000
16214.8237;-0.0244;-0.0122;0.0122;-2.0000;-1.0000
16237.1416;-0.0293;-0.0073;0.0049;-6.0000;-1.5000
16259.7364;-0.0244;-0.0147;0.0122;-2.0000;-1.2000
16282.6170;-0.0269;-0.0098;0.0049;-5.5000;-2.0000
16305.7920;-0.0244;-0.0122;0.0073;-3.3333;-1.6667
16329.2706;-0.0269;-0.0098;0.0049;-5.5000;-2.0000
16353.0620;-0.0244;-0.0122;0.0122;-2.0000;-1.0000
16377.1758;-0.0269;-0.0098;0.0024;-11.0000;-4.0000
16401.6216;-0.0269;-0.0122;0.0098;-2.7500;-1.2500
16426.4092;-0.0269;-0.0098;0.0098;-2.7500;-1.0000
16451.5487;-0.0244;-0.0122;0.0122;-2.0000;-1.0000
16477.0506;-0.0293;-0.0147;0.0049;-6.0000;-3.0000
16502.9252;-0.0293;-0.0147;0.0098;-3.0000;-1.5000
16529.1834;-0.0317;-0.0073;0.0024;-13.0000;-3.0000
16555.8361;-0.0269;-0.0098;0.0098;-2.7500;-1.0000
16582.8946;-0.0293;-0.0147;0.0024;-12.0000;-6.0000
16610.3701;-0.0244;-0.0122;0.0098;-2.5000;-1.2500
16638.2745;-0.0317;-0.0147;0.0024;-13.0000;-6.0000
16666.6196;-0.0220;-0.0171;0.0073;-3.0000;-2.3333
16695.4176;-0.0269;-0.0122;0.0024;-11.0000;-5.0000
16724.6808;-0.0244;-0.0122;0.0073;-3.3333;-1.6667
16754.4219;-0.0269;-0.0073;0.0024;-11.0000;-3.0000
16784.6539;-0.0244;-0.0122;0.0073;-3.3333;-1.6667
16815.3897;-0.0244;-0.0098;0.0024;-10.0000;-4.0000
16846.6430;-0.0244;-0.0147;0.0098;-2.5000;-1.5000
16878.4273;-0.0293;-0.0147;0.0024;-12.0000;-6.0000
16910.7565;-0.0293;-0.0098;0.0098;-3.0000;-1.0000
16943.6450;-0.0269;-0.0098;0.0000;-3;-3
16977.1071;-0.0244;-0.0147;0.0073;-3.3333;-2.0000
17011.1577;-0.0293;-0.0098;0.0024;-12.0000;-4.0000
17045.8119;-0.0244;-0.0122;0.0073;-3.3333;-1.6667
17081.0848;-0.0293;-0.0098;0.0024;-12.0000;-4.0000
17116.9923;-0.0244;-0.0147;0.0073;-3.3333;-2.0000
17153.5502;-0.0244;-0.0098;0.0000;-3;-3
17190.7747;-0.0244;-0.0171;0.0073;-3.3333;-2.3333
17228.6825;-0.0317;-0.0098;0.0000;-3;-3
17267.2902;-0.0293;-0.0147;0.0049;-6.0000;-3.0000
17306.6151;-0.0293;-0.0147;0.0024;-12.0000;-6.0000
17346.6747;-0.0269;-0.0147;0.0098;-2.7500;-1.5000
17387.4867;-0.0293;-0.0122;0.0024;-12.0000;-5.0000
17429.0692;-0.0269;-0.0147;0.0098;-2.7500;-1.5000
17471.4407;-0.0293;-0.0147;0.0024;-12.0000;-6.0000
17514.6201;-0.0269;-0.0147;0.0049;-5.5000;-3.0000
17558.6263;-0.0293;-0.0122;0.0024;-12.0000;-5.0000
17603.4789;-0.0244;-0.0147;0.0049;-5.0000;-3.0000
17649.1976;-0.0269;-0.0098;0.0024;-11.0000;-4.0000
17695.8027;-0.0244;-0.0171;0.0049;-5.0000;-3.5000
17743.3147;-0.0293;-0.0122;0.0024;-12.0000;-5.0000
